"Timestamp","Username","Was the application user-friendly and easy to navigate?","Did you find the instructions for using the E-Voting DApp clear and easy to understand?","Were you able to cast your vote without any difficulties?","Did you experience any technical issues while using the application?","How would you rate the security features offered by the use of blockchain technology to protect your vote?","Do you believe that e-Voting using blockchain is a better alternative in comparison to other voting methods?","How important is it to you that the votes are recorded immutably on a blockchain, ensuring that it cannot be altered or tampered with?","How confident are you that your personal information was kept secure while using the blockchain-based e-Voting application?","Were you satisfied with the speed and efficiency of the blockchain-based e-Voting application?","How confident are you that the blockchain-based E-Voting application accurately tallied the votes and reflected the will of the voters?","What could be improved on this project?","Can this project be applied in real world Elections?","Are you satisfied with the End Products? (For client only)"
"2023/04/10 3:02:48 pm GMT+5:45","rauniyar366@gmail.com","Yes","Yes","Yes","No","Medium","Yes","Very High","Uncertain","Satisfied","Trustable","","No",""
"2023/04/10 4:06:27 pm GMT+5:45","adhikarikushal4444@gmail.com","Yes","No","Yes","No","Medium","Yes","Very High","Very Confident","Very Satisfied","Trustable","All the bestest ","Yes But With Some Improvements",""
"2023/04/10 4:30:23 pm GMT+5:45","024.shuvam@gmail.com","Yes","Yes","Yes","No","High","Yes","Very High","Very Confident","Very Satisfied","Very Confident","This is new technology so it might take time to adjust in real life scenario otherwise furthermore maintaining can be an issue.","Yes But With Some Improvements",""
"2023/04/10 6:59:56 pm GMT+5:45","dipeshempire538@gmail.com","Yes","Yes","Yes","No","High","Yes","Medium","Trustable","Satisfied","Trustable","Nothing ","Yes",""
"2023/04/10 8:51:20 pm GMT+5:45","alancebhandari524@gmail.com","Yes","Yes","Yes","Yes","High","Yes","Very High","Very Confident","Very Satisfied","Very Confident","","Yes",""
"2023/04/11 12:46:23 pm GMT+5:45","np01cp4s210099@islingtoncollege.edu.np","Yes","Yes","Yes","Yes","Medium","Yes","Very High","Trustable","Satisfied","Trustable","The application's UI/UX may use a small upgrade.","Yes But With Some Improvements",""
"2023/04/11 1:59:04 pm GMT+5:45","ssss88073@gmail.com","Yes","Yes","Yes","Yes","High","Yes","Very High","Very Confident","Very Satisfied","Very Confident","Everything is awesome","Yes",""
"2023/04/11 2:01:32 pm GMT+5:45","aayushbidari460@gmail.com","No","No","Yes","Yes","Medium","Yes","High","Trustable","Satisfied","Trustable","Ui/ user friendly approach for old and illiterate people","Yes But With Some Improvements",""
"2023/04/11 2:03:18 pm GMT+5:45","aasishstha09op1@gmail.com","Yes","Yes","Yes","Yes","High","Yes","High","Trustable","Satisfied","Trustable","Think its perfect as per the effort ","Yes",""
"2023/04/11 8:14:20 pm GMT+5:45","np01nt4s210057@islingtoncollege.edu.np","Yes","Yes","Yes","No","High","Yes","High","Trustable","Satisfied","Very Confident","I think the features provided are clear, simple and sufficient.","Yes",""
"2023/04/11 8:17:54 pm GMT+5:45","rauniyarsujal123@gmail.com","Yes","Yes","Yes","No","High","Yes","High","Very Confident","Very Satisfied","Very Confident","","Yes",""
"2023/04/11 8:18:49 pm GMT+5:45","birajbhatta58@gmail.com","Yes","Yes","Yes","No","High","Yes","Very High","Very Confident","Very Satisfied","Very Confident","","Yes",""
"2023/04/12 10:27:14 am GMT+5:45","mdrezatausif06@gmail.com","Yes","Yes","Yes","No","High","Yes","Very High","Very Confident","Very Satisfied","Very Confident","It is good enough.","Yes",""
"2023/04/13 7:52:37 pm GMT+5:45","oshanr27@gmail.com","Yes","Yes","Yes","No","High","Yes","High","Trustable","Satisfied","Very Confident","","Yes But With Some Improvements",""
"2023/04/13 7:56:30 pm GMT+5:45","t5.cs.soft9@gmail.com","Yes","Yes","Yes","No","High","Yes","High","Very Confident","Satisfied","Very Confident","Some improvement should be done in security","Yes",""
"2023/04/18 6:50:58 pm GMT+5:45","rajanghimire412@gmail.com","Yes","Yes","Yes","Yes","Medium","Yes","High","Trustable","Very Satisfied","Very Confident","You have done a good job","Yes But With Some Improvements","Yes"